id,quote_text,attribution
10001,Different not less.,Temple Grandin
10002,I am different not less.,Temple Grandin
10003,Autism is not a disability it's a different ability.,Stuart Duncan
10004,The world needs all kinds of minds.,Temple Grandin
10005,"What would happen if the autism gene was eliminated from the gene pool? You would have a bunch of people standing around in a cave, chatting and socializing and not getting anything done.",Temple Grandin
10006,Dyslexia is not a pigeonhole to say you can't do anything. It is an opportunity and a possibility to learn differently.,Princess Beatrice of York
10007,If it hadn't been for dyslexia I wouldn't have been so determined.,Richard Branson
10008,"I had a lot of trouble with reading when I was a kid. But once I figured out how my brain worked, I learned to use it as a strength.",Octavia Spencer
10009,"You have to be able to see the world as it is and see it as it could be. Dyslexia forced me to do that from a young age.",Steven Spielberg
10010,ADHD isn't a bane or a blessing. It's who I am.,Justin Timberlake
10011,"Having ADHD, and taking medicine for it, is nothing to be ashamed of. Nothing that I'm afraid to let anyone know.",Michael Phelps
10012,"I've always had an ADHD brain. When I'm drumming, it's the one time I can actually focus.",Adam Levine
10013,I have a different way of thinking. I consider myself neurodiverse.,Greta Thunberg
10014,"You are braver than you believe, stronger than you seem, and smarter than you think.",A.A. Milne
10015,The only person you are destined to become is the person you decide to be.,Ralph Waldo Emerson
10016,It does not matter how slowly you go as long as you do not stop.,Confucius
10017,Your time is limited so don't waste it living someone else's life.,Steve Jobs
10019,I have not failed. I've just found 10000 ways that won't work.,Thomas Edison
10020,Twenty years from now you will be more disappointed by the things you didn't do than by the ones you did do.,Mark Twain
10021,Out of difficulties grow miracles.,Jean de La Bruyère
10022,The wound is the place where the Light enters you.,Rumi
10023,"When it is obvious that the goals cannot be reached, don't adjust the goals, adjust the action steps.",Confucius
10024,We don't have to do all of it alone. We were never meant to.,Brené Brown
10025,I have no special talent. I am only passionately curious.,Albert Einstein
10026,Imagination is more important than knowledge.,Albert Einstein
10027,The important thing is not to stop questioning. Curiosity has its own reason for existing.,Albert Einstein
10028,"Here's to the crazy ones, the misfits, the rebels, the troublemakers, the round pegs in the square holes… the ones who see things differently.","Apple, ""Think Different"" campaign"
10029,Neurodiversity may be every bit as crucial for the human race as biodiversity is for life in general.,Harvey Blume
10030,Just because you do it different doesn't mean you're doing it wrong.,Keah Brown
10031,The brain is wider than the sky.,Emily Dickinson
10032,Imperfection is beauty. Madness is genius.,Marilyn Monroe
10033,My brain is like a race car engine — it just needs the right track.,Anonymous
10034,In the middle of difficulty lies opportunity.,Albert Einstein
10035,You don't have to be neurotypical to be extraordinary.,Anonymous
10036,I think differently and that is my superpower.,Anonymous
10037,The strongest people are not those who show strength in front of us but those who win battles we know nothing about.,Anonymous
10038,Be yourself. Everyone else is already taken.,Oscar Wilde
10039,"It always seems impossible until it's done.",Nelson Mandela
10040,Fall seven times. Stand up eight.,Japanese Proverb
10041,Difficult roads often lead to beautiful destinations.,Anonymous
10042,"Stars can't shine without darkness.",Anonymous
10043,Every child is gifted. They just unwrap their packages at different times.,Anonymous
10044,Don't compare your chapter one to someone else's chapter twenty.,Anonymous
10045,"Progress, not perfection.",Anonymous
10046,Your unique perspective is needed in this world.,Anonymous
10047,I am not a product of my circumstances. I am a product of my decisions.,Stephen Covey
10048,What lies behind us and what lies before us are tiny matters compared to what lies within us.,Ralph Waldo Emerson
10049,Believe you can and you're halfway there.,Theodore Roosevelt
10050,The cave you fear to enter holds the treasure you seek.,Joseph Campbell
10051,Hardships often prepare ordinary people for an extraordinary destiny.,C.S. Lewis
10052,You are enough. A thousand times enough.,Anonymous
10053,A river cuts through rock not because of its power but because of its persistence.,James N. Watkins
10054,Strength grows in the moments when you think you can't go on but you keep going.,Anonymous
10055,"My mind works differently, and that's okay.",Anonymous
10056,Not all those who wander are lost.,J.R.R. Tolkien
10057,We are all a little weird and life's a little weird.,Dr. Seuss
10058,Today you are you — that is truer than true. There is no one alive who is youer than you.,Dr. Seuss
10059,You have brains in your head. You have feet in your shoes. You can steer yourself any direction you choose.,Dr. Seuss
10060,"Why fit in when you were born to stand out?",Dr. Seuss
10061,There is no such thing as a child who hates to read — there are only children who have not found the right book.,Frank Serafini
10062,Every expert was once a beginner.,Helen Hayes
10067,You must do the thing you think you cannot do.,Eleanor Roosevelt
10068,No one can make you feel inferior without your consent.,Eleanor Roosevelt
10069,The future belongs to those who believe in the beauty of their dreams.,Eleanor Roosevelt
10070,Success is not final. Failure is not fatal. It is the courage to continue that counts.,Winston Churchill
10071,I am not afraid of storms for I am learning how to sail my ship.,Louisa May Alcott
10072,Keep your face always toward the sunshine and shadows will fall behind you.,Walt Whitman
10073,Nothing is impossible. The word itself says I'm possible.,Audrey Hepburn
10074,Act as if what you do makes a difference. It does.,William James
10075,Even if you're on the right track you'll get run over if you just sit there.,Will Rogers
10076,You are never too old to set another goal or to dream a new dream.,C.S. Lewis
10077,One child one teacher one book one pen can change the world.,Malala Yousafzai
10078,When you get tired learn to rest not to quit.,Banksy
10079,You are more powerful than you know and they fear the day you discover it.,Anonymous
10080,"Shoot for the moon. Even if you miss, you'll land among the stars.",Norman Vincent Peale
10081,The secret of getting ahead is getting started.,Mark Twain
10082,Don't watch the clock. Do what it does. Keep going.,Sam Levenson
10083,It is during our darkest moments that we must focus to see the light.,Aristotle
10084,Speak your mind even if your voice shakes.,Maggie Kuhn
10085,What makes you different makes you beautiful.,Anonymous
10086,You were put on this earth to achieve your greatest self to live out your purpose and to do it fearlessly.,Steve Maraboli
10087,"Autism is like a rainbow, it has a bright side and a darker side, but every shade is beautiful.",Anonymous
10088,My ADHD brain naturally searches for better ways of doing things.,Anonymous
10089,"Living with dyslexia is exhausting and frustrating at times, but it has taught me to see the world in a completely different way.",Anonymous
10090,Every single person has a story worth telling.,Anonymous
10091,Resilience is knowing that you are the only one that has the power and the responsibility to pick yourself up.,Mary Holloway
10092,Courage doesn't always roar. Sometimes courage is the quiet voice at the end of the day saying I will try again tomorrow.,Mary Anne Radmacher
10093,The only way to do great work is to love what you do.,Steve Jobs
10094,You miss 100 percent of the shots you don't take.,Wayne Gretzky
10095,It is not the mountain we conquer but ourselves.,Edmund Hillary
10096,With the right kind of coaching and determination anyone can become extraordinary.,Pat Summitt
10097,Learning never exhausts the mind.,Leonardo da Vinci
10098,Live as if you were to die tomorrow. Learn as if you were to live forever.,Mahatma Gandhi
10099,The more that you read the more things you will know.,Dr. Seuss
10100,Sometimes the bravest and most important thing you can do is just show up.,Brené Brown
10101,Vulnerability is the birthplace of innovation creativity and change.,Brené Brown
10102,Owning our story can be hard but not nearly as difficult as spending our lives running from it.,Brené Brown
10103,There is no innovation and creativity without failure.,Brené Brown
10104,Only those who dare to fail greatly can ever achieve greatly.,Robert F. Kennedy
10105,The measure of intelligence is the ability to change.,Albert Einstein
10106,Everybody is a genius. But if you judge a fish by its ability to climb a tree it will live its whole life believing that it is stupid.,Albert Einstein
10107,Logic will get you from A to B. Imagination will take you everywhere.,Albert Einstein
10108,The secret to creativity is knowing how to hide your sources.,Albert Einstein
10109,A person who never made a mistake never tried anything new.,Albert Einstein
10110,My brain isn't broken. It's just tuned to a different frequency.,Anonymous
10111,Different wiring doesn't mean a dead end. It means a different route.,Anonymous
10112,ADHD is not a deficit of attention. It's a deficit of consistent motivation.,Russell Barkley
10113,"Reading with dyslexia is hard, but the stories I tell myself are extraordinary.",Anonymous
10114,The loudest voices in the room are rarely the most interesting ones.,Anonymous
10115,Being neurodivergent means I notice things others walk right past.,Anonymous
10116,"I don't have a short attention span, I have a highly selective attention span.",Anonymous
10117,Struggle is the food from which change is made.,Gary Zukav
10118,You can't go back and change the beginning but you can start where you are and change the ending.,C.S. Lewis
10119,Let your unique awesomeness and positive energy inspire confidence in others.,Anonymous
10120,Doubt kills more dreams than failure ever will.,Suzy Kassem
10121,It's not about being the best. It's about being better than you were yesterday.,Anonymous
10122,Be the change you wish to see in the world.,Mahatma Gandhi
10123,Education is the most powerful weapon which you can use to change the world.,Nelson Mandela
10124,The more I give myself permission to live in the moment and enjoy it without feeling guilty or judgmental about any other time the better I feel.,Michael J. Fox
10125,The only disability in life is a bad attitude.,Scott Hamilton
10126,I want people to understand that having a disability doesn't make you a victim.,Rick Hansen
10127,"With hard work, determination and self-belief there is no limit to what you can achieve.",Anonymous
10128,"Success is stumbling from failure to failure with no loss of enthusiasm.",Winston Churchill
10129,Your present circumstances don't determine where you can go — they merely determine where you start.,Nido Qubein
10130,You are not a drop in the ocean. You are the entire ocean in a drop.,Rumi
10131,Stimming is not a problem to be solved. It is a solution that works.,Anonymous
10132,Masking takes energy that could be spent on living. Authenticity is not a luxury — it is survival.,Anonymous
10133,The child who does not fit the mold was never meant to fit it.,Anonymous
10134,Hyperfocus is not a flaw. It is a superpower waiting for the right task.,Anonymous
10135,Sensory sensitivity means I feel the world more deeply than most. That is not weakness.,Anonymous
10136,Special interests are the language my heart speaks most fluently.,Anonymous
10137,Late diagnosis does not erase a lifetime of struggling alone — it explains it.,Anonymous
10138,There is nothing wrong with the way my brain works. There is something wrong with a world not designed for it.,Anonymous
10139,Being non-speaking is not the same as having nothing to say.,Anonymous
10140,I would rather be honestly neurodivergent than dishonestly typical.,Anonymous
10141,ADHD is not laziness. It is a brain working hard without the right fuel.,Anonymous
10142,Time blindness is real. It does not mean I do not care — it means my brain tracks time differently.,Anonymous
10143,My ADHD gives me the ability to hyperfocus with an intensity most people will never experience.,Anonymous
10144,"Impulsivity is spontaneity without a filter — and sometimes, that is exactly what the world needs.",Anonymous
10145,The ADHD brain never runs out of ideas. The challenge is catching them before they disappear.,Anonymous
10146,ADHD emotions are not overreactions. They are full-volume responses to a full-volume world.,Anonymous
10147,"For an ADHD brain, boredom is not just unpleasant — it is physically painful.",Anonymous
10148,Having ADHD means living in a world not designed for my brain. It also means I have become extraordinarily creative.,Anonymous
10149,Rejection sensitive dysphoria is real. My feelings are not too much. They are simply mine.,Anonymous
10150,Getting an ADHD diagnosis felt like finally being handed the instruction manual for my own brain.,Anonymous
10151,Dyslexia taught me to listen more carefully than anyone else in the room.,Anonymous
10152,My dyslexia means I see words differently. It also means I see solutions others miss.,Anonymous
10153,Slow reading does not mean slow thinking. The two are not the same.,Anonymous
10154,Dyslexia gave me a different perspective and a stronger voice.,Anonymous
10155,The world would lose so much if we taught dyslexic minds to think like everyone else.,Anonymous
10156,Reading may be harder for me. Imagining is not.,Anonymous
10157,Dyslexia means my brain takes the scenic route — and sometimes that route leads somewhere better.,Anonymous
10158,Do not teach me to be normal. Teach me to be the best version of myself.,Anonymous
10159,The hardest part of learning differently is convincing others that different does not mean less.,Anonymous
10160,Neurodivergent people have been solving problems that neurotypical people never even noticed.,Anonymous
10161,My brain is wired for pattern recognition. That is not a disability — that is a gift.,Anonymous
10162,Executive dysfunction is not a character flaw. It is a neurological challenge that deserves support.,Anonymous
10163,Working memory difficulties do not mean I am forgetful. They mean I am carrying more than you can see.,Anonymous
10164,Processing speed is not intelligence. Some of the sharpest minds I know simply need more time.,Anonymous
10165,It is okay to ask for the instructions again. Understanding matters more than speed.,Anonymous
10166,Twice exceptional means gifted and struggling simultaneously. Both things are entirely true.,Anonymous
10167,A diagnosis is a map — not a destination.,Anonymous
10168,Neurodiversity is the natural variation of the human brain. It is not a deviation. It is diversity.,Anonymous
10169,My mind does not wander. It explores.,Anonymous
10170,You are not broken. The environment that could not accommodate you was.,Anonymous
10171,Undiagnosed neurodivergence often looks like laziness or bad attitude. It is neither.,Anonymous
10172,Emotional regulation is a skill. For some brains it is the hardest skill to learn. That does not reduce their worth.,Anonymous
10173,Sensory processing differences mean the world comes in at full volume. That is not drama — it is neurology.,Anonymous
10174,Fidgeting helps me focus. What looks like distraction is actually the opposite.,Anonymous
10175,There is no such thing as a lazy brain. There are only brains that struggle in low-interest environments.,Anonymous
10176,Social scripts are exhausting to memorize. But they do not define my worth.,Anonymous
10177,Masking is a survival strategy. It should not be necessary.,Anonymous
10178,Coming out as neurodivergent was the most honest thing I have ever done.,Anonymous
10179,Self-advocacy is not selfishness. It is survival.,Anonymous
10180,Accommodations are not cheating. They are access.,Anonymous
10181,Accessibility is not a privilege. It is a right.,Anonymous
10182,The difference between a disability and a superpower is often just context.,Anonymous
10183,In the right environment every neurodivergent brain can shine.,Anonymous
10184,Some of the most creative minds in history were almost certainly neurodivergent. We changed the world before.,Anonymous
10185,Autism did not slow me down. Lack of understanding did.,Anonymous
10186,Every accommodation I fought for was a door I opened for someone who comes after me.,Anonymous
10187,Your struggles are not your identity. They are part of your story.,Anonymous
10188,Hard is not the same as impossible.,Anonymous
10189,You have already survived every hard day you have ever had.,Anonymous
10190,Healing is not linear. Progress is not always visible. Keep going anyway.,Anonymous
10191,You are allowed to need more support than others. That is not weakness — that is honesty.,Anonymous
10192,Asking for help is the first step toward getting better at something.,Anonymous
10193,The fact that you are still trying means you have not given up. That matters enormously.,Anonymous
10194,Some days simply showing up is the whole victory.,Anonymous
10195,Rest is a radical act for someone whose nervous system is always switched on.,Anonymous
10196,Your sensitivity is not a flaw. It is a form of intelligence the world undervalues.,Anonymous
10197,Deep feeling is a kind of superpower.,Anonymous
10198,Empathy so strong it hurts is still empathy. And the world is better for it.,Anonymous
10199,Being misunderstood is painful. Being finally understood is one of the best feelings that exists.,Anonymous
10200,Finding your people changes everything.,Anonymous
10201,Neurodivergent joy is real and it is yours. Allow yourself to feel it fully.,Anonymous
10202,When I tell you everything about something I love I am trusting you. That is its own kind of gift.,Anonymous
10203,The world is richer because people think in so many wildly different ways.,Anonymous
10204,Creativity is often a side effect of a brain that refuses to follow the rules.,Anonymous
10205,Out-of-the-box thinking comes from minds that were never in the box.,Anonymous
10206,Lateral thinking is not wrong thinking. It is a different path to the same truth.,Anonymous
10207,The ability to hyperfocus on a problem is underrated in a world of constant distraction.,Anonymous
10208,Attention to detail that others overlook is a professional advantage.,Anonymous
10209,Hyperlexia is a real phenomenon. Some neurodivergent people read before they can speak.,Anonymous
10210,Synesthesia means I experience the world in colors and textures others do not perceive. That is extraordinary.,Anonymous
10211,Dyscalculia does not mean you cannot understand numbers. It means you understand them differently.,Anonymous
10212,Dyspraxia does not mean clumsy. It means the body learns things in its own order.,Anonymous
10213,OCD is not about being tidy. It is about a brain that cannot stop checking. Compassion matters here.,Anonymous
10214,Anxiety and neurodivergence often travel together. Treating one without the other leaves work undone.,Anonymous
10215,Burnout from masking is real and it takes real time to recover from.,Anonymous
10216,After every burnout I have learned something essential about what I need to thrive.,Anonymous
10217,Knowing your limits is not weakness. It is data that helps you move forward.,Anonymous
10218,Self-knowledge is the beginning of self-advocacy.,Anonymous
10219,I know my own brain better than any textbook does.,Anonymous
10220,Every neurodivergent person is the expert on their own experience.,Anonymous
10221,Nothing about us without us.,Anonymous
10222,Neurodivergent voices belong in every room where decisions about neurodivergent lives are made.,Anonymous
10223,Representation matters. Seeing someone like you succeed changes what you believe is possible.,Anonymous
10224,Role models with ADHD showed me that success does not require a neurotypical brain.,Anonymous
10225,Autistic athletes exist. Dyslexic surgeons exist. ADHD executives exist. Neurotype is not destiny.,Anonymous
10226,Do not let anyone use your diagnosis to put a ceiling on your potential.,Anonymous
10227,Your brain is not your limit.,Anonymous
10228,Progress looks different for every person. Honor your own version of it.,Anonymous
10229,Comparison is the enemy of progress — especially for a neurodivergent person.,Anonymous
10230,You are running a different race on a different track. Comparing your times to others makes no sense.,Anonymous
10231,Celebrate every win. The neurodivergent path has enough hard days to make the good ones sacred.,Anonymous
10232,Small victories are still victories.,Anonymous
10233,"Done is better than perfect, especially for a brain where perfectionism and difficulty starting collide.",Anonymous
10234,Perfectionism in ADHD has a particular cruelty — it stops you starting and never lets you finish.,Anonymous
10235,The pressure to appear normal is exhausting. The freedom of being yourself is worth the cost.,Anonymous
10236,You do not have to earn your right to exist by performing neurotypicality.,Anonymous
10237,Being authentic in a world that rewards conformity is a brave choice every single day.,Anonymous
10238,Self-acceptance is not a one-time event. It is a daily practice.,Anonymous
10239,You do not need to fix yourself. You need to find the environment where your brain can thrive.,Anonymous
10240,Neurodivergent does not mean broken. It means unusual — and unusual is often extraordinary.,Anonymous
10241,Every way of being human has dignity.,Anonymous
10242,The greatest disservice we do to neurodivergent young people is teaching them to be ashamed.,Anonymous
10243,Shame slows learning. Safety accelerates it.,Anonymous
10244,A regulated nervous system learns better than an anxious one.,Anonymous
10245,Behavior is communication. Listen to what the behavior is actually saying.,Anonymous
10246,Understanding why someone struggles is the first step to helping them succeed.,Anonymous
10247,Curiosity is the native language of the neurodivergent mind.,Anonymous
10248,The child who asks too many questions is practicing being a scientist.,Anonymous
10249,The child who cannot sit still is practicing being an explorer.,Anonymous
10250,Every so-called weakness in childhood can become a strength in the right context.,Anonymous
10251,School is one environment. Life is many. Find yours.,Anonymous
10252,Not every great mind thrived in school. That says more about school than about the mind.,Anonymous
10253,Traditional education was not designed for neurodivergent minds. That is a problem with the design.,Anonymous
10254,When the educational system fails a student the student is not the one who failed.,Anonymous
10255,Alternative learning methods are not lesser methods. They are different paths to the same destination.,Anonymous
10256,Testing under time pressure measures processing speed more than it measures understanding.,Anonymous
10257,Extra time on tests is an accommodation. It is not an advantage — it is equity.,Anonymous
10258,The most inclusive classrooms produce better outcomes for every student — not just neurodivergent ones.,Anonymous
10259,Neurodivergent people have always existed. Now we finally have words for our experiences.,Anonymous
10260,Your diagnosis is not a sentence. It is a starting point.,Anonymous
10261,The moment I understood why I struggled I could start learning how to thrive.,Anonymous
10262,A diagnosis opened a door I did not know existed.,Anonymous
10263,Self-compassion is not indulgence. For a neurodivergent person it is medicine.,Anonymous
10264,Treat yourself with the kindness you would give a struggling friend. You deserve that too.,Anonymous
10265,Your worth is not measured by your productivity.,Anonymous
10266,You are valuable on your worst executive function day just as much as on your best.,Anonymous
10267,Rest without guilt is something every high-masking person deserves.,Anonymous
10268,The brain needs downtime to process. Unstructured time is not wasted time.,Anonymous
10269,Joy is not a luxury. For a neurodivergent person it can be deeply regulating.,Anonymous
10270,Find the things that light your nervous system up and protect them fiercely.,Anonymous
10271,Movement is medicine for the ADHD brain.,Anonymous
10272,Music accesses parts of the brain that words alone cannot reach.,Anonymous
10273,Art made by neurodivergent people tells stories the world has not heard before.,Anonymous
10274,Writing gave me a voice when speaking felt impossible.,Anonymous
10275,Books saved me because they were one place where being different was the point.,Anonymous
10276,Stories about characters like me made me feel less alone than anything else in my childhood.,Anonymous
10277,Representation in media is not a nice-to-have. For a neurodivergent child it can be lifesaving.,Anonymous
10278,You are the expert on your own neurodivergence. Trust yourself.,Anonymous
10279,Your lived experience is evidence.,Anonymous
10280,Fighting for accessibility is fighting for human dignity.,Anonymous
10281,Advocating for yourself makes it easier for the next person to advocate for themselves.,Anonymous
10282,Every barrier you break down leaves a path for someone who comes after.,Anonymous
10283,The neurodiversity movement is about belonging — for everyone.,Anonymous
10284,You belong here. In this school. In this workplace. In this world.,Anonymous
10285,Belonging is not earned. It is owed.,Anonymous
10286,The world is genuinely better because you are in it.,Anonymous
10287,Living openly as a neurodivergent person is an act of service to everyone still finding their voice.,Anonymous
10288,Courage looks different for different people. For some it is simply getting through the day.,Anonymous
10289,Every day you navigate a world not built for you is an act of courage.,Anonymous
10290,You are braver than you know because you have had to be.,Anonymous
10291,Resilience is not the absence of struggle. It is the decision to continue despite it.,Anonymous
10292,You have survived one hundred percent of your hard days so far.,Anonymous
10293,Each difficult thing you got through made you more capable of getting through the next one.,Anonymous
10294,You are not weak for struggling. You are human.,Anonymous
10295,Gentleness toward yourself is not giving up. It is creating the conditions to keep going.,Anonymous
10296,You do not have to earn the right to exist by being exceptional. Being you is enough.,Anonymous
10297,Your neurodivergent brain has gotten you this far. Trust it a little further.,Anonymous
10298,Every version of you — the overwhelmed one the excited one the exhausted one — deserves compassion.,Anonymous
10299,The part of you that keeps trying even when it is hard is the best part of you.,Anonymous
10300,Tomorrow is another chance to try again.,Anonymous
10301,Progress is not always visible from the inside. Others often see it before you do.,Anonymous
10302,Small steps taken consistently cover more ground than occasional leaps.,Anonymous
10303,You do not have to solve everything at once. Just the next thing.,Anonymous
10304,Hard days do not last forever. Impermanence is a comfort.,Anonymous
10305,You have come further than you think.,Anonymous
10306,Look back at where you started when you need to remember how strong you are.,Anonymous
10307,What you have overcome has shaped who you are. That person is worth knowing.,Anonymous
10308,Your coping strategies are valid because they work for you.,Anonymous
10309,Every person deserves strategies that match how their brain actually works.,Anonymous
10310,Ask not what the child should do differently. Ask what the environment should do differently.,Anonymous
10311,A world that works for every kind of brain is a world that works better for everyone.,Anonymous
10312,Different is not less. It is just different — and different can be extraordinary.,Anonymous
10313,The goal was never to be normal. The goal was always to be yourself.,Anonymous
10314,Your neurodivergent identity is not a burden. It is a lens that lets you see what others cannot.,Anonymous
10315,The brain that society tried hardest to change is often the one that ends up changing society.,Anonymous
10316,Every generation of neurodivergent people stands on the shoulders of those who advocated before them.,Anonymous
10317,Dyslexia is not a reading problem. It is a different kind of reading brain.,Sally Shaywitz
10318,The ADHD brain is an entrepreneur's brain — full of ideas and built for novelty.,Anonymous
10319,Autism is a natural variation of the human experience — not a tragedy.,Anonymous
10320,Sensory overload is not a tantrum. It is a nervous system pushed past its limits.,Anonymous
10321,Meltdowns are not manipulative. They are neurological.,Anonymous
10322,Shutdown is a valid response to overwhelm. Rest and recovery matter.,Anonymous
10323,The autistic experience of the world is different — not inferior.,Anonymous
10324,Special interests are not obsessions. They are a window into how a mind loves something.,Anonymous
10325,Stimming is self-regulation. It is the body doing what it needs to do.,Anonymous
10326,Every neurodivergent person who advocates for themselves makes it easier for the next.,Anonymous
10327,"I have a learning difference, not a learning disability. The difference is enormous.",Anonymous
10328,Dyslexic thinking is a genuine competitive advantage in creative and entrepreneurial fields.,Anonymous
10329,The ADHD tax is real — but so is ADHD creativity. The goal is to reduce one and amplify the other.,Anonymous
10330,Autistic masking costs more than most people will ever know.,Anonymous
10331,You deserve support that meets you where you are — not where someone thinks you should be.,Anonymous
10332,Every neurodivergent person deserves a team that believes in them.,Anonymous
10333,The right mentor can change everything for a neurodivergent young person.,Anonymous
10334,Being seen and accepted by even one person can rewrite a life.,Anonymous
10335,Community is a kind of medicine that no prescription can replace.,Anonymous
10336,You were not born to fit in. You were born to belong — and those are not the same thing.,Anonymous
10337,Belonging means being accepted as you are — not as a fixed version of yourself.,Anonymous
10338,Acceptance from others starts with acceptance of yourself.,Anonymous
10339,The bravest thing a neurodivergent person can do is refuse to be ashamed.,Anonymous
10340,Pride in your neurodivergent identity is not arrogance. It is reclaiming what was taken.,Anonymous
10341,Your differences have cost you something. They have also given you something no one else has.,Anonymous
10342,What looks like a deficit in one context is often an asset in another.,Anonymous
10343,Every way of thinking that the world calls disordered has produced something the world needed.,Anonymous
10344,The neurodivergent brain is not a broken standard brain. It is a different kind of brain entirely.,Anonymous
10345,Neurodivergent strengths are real. So are neurodivergent challenges. Both deserve acknowledgment.,Anonymous
10346,"I am not my diagnosis, but my diagnosis is part of me — and I embrace all of me.",Anonymous
10347,Your full self is welcome here. The loud parts and the quiet parts both.,Anonymous
10348,You are not too much. You are exactly enough.,Anonymous
10349,Some of the most extraordinary people who ever lived processed the world differently than everyone else.,Anonymous
10350,The world has always needed neurodivergent thinkers. It just did not always know to say thank you.,Anonymous
10351,Your brain is a gift — even on the days it does not feel like one.,Anonymous
10352,One good day is enough to remember that good days exist.,Anonymous
10353,One moment of clarity is worth holding on to.,Anonymous
10354,Even the hardest chapters are part of a larger story.,Anonymous
10355,You are writing a story that only you can write.,Anonymous
10356,The most interesting people have the most interesting minds.,Anonymous
10357,Thinking differently is the beginning of doing differently.,Anonymous
10358,Doing differently is the beginning of changing the world.,Anonymous
10359,Every person who ever changed anything thought differently from the people around them.,Anonymous
10360,You are exactly the kind of thinker the world has always needed.,Anonymous
10361,Flap your hands. Spin. Rock. Do whatever helps your body feel safe. That is yours.,Anonymous
10362,Your stims are part of you. They do not need to be hidden.,Anonymous
10363,The classroom that makes every student feel safe produces students who can actually learn.,Anonymous
10364,Psychological safety is not a soft goal. It is a prerequisite for learning.,Anonymous
10365,A student who feels seen learns more than a student who is merely managed.,Anonymous
10366,Every mind deserves a teacher who believes in it.,Anonymous
10367,You do not have to explain your neurodivergent experience to anyone who is not willing to listen.,Anonymous
10368,The goal was never to be normal. The goal was always to be fully yourself.,Anonymous
10369,Your neurodivergent identity is not a burden. It is a lens through which you see what others cannot.,Anonymous
10370,The brain that society tried hardest to change is often the one that ends up changing society.,Anonymous
10371,Every generation of neurodivergent people stands on the shoulders of those who advocated before them.,Anonymous
